Health Plan Provider ID|Network Code|First Name|Last Name|Business Name|NPI|Tax ID|Provider Type|Provider Assigned Members|Full or Part Time|In Person After Hours|Supervising Specialist|Supervising NPI|Specialization Certificate|Health Plan Address ID|Address Type|Clinic Name|Address 1|Address 2|Address 3|City|State Abbreviation|Zip Code|County Name|Phone Number|Fax Number|Email|Latitude|Longitude|Location Assigned Members|Taxonomy Code|Specialty Code|Primary Specialty|Board Certified|Board Eligible|Is PCP|Accepting New Patients|Accepting New Referrals|Network Tier ID|Provider Group Name|Outpatient Appointment Availability|In Directory|Contract Effective Date|Contract Termination Date|Credential|Gender|Salutation|Medical Group NPI|In Network|Source System|Date of Birth|Health Plan Contract ID|Group Relationship Type|Record Status|Panel Status
PRV000001|NW0001|Anthony|Stark|Stark Health Enterprises|9123456780|951234567|PHYSICIAN|100|FT|TRUE||||ADDR0001|PHYSICAL|Mark I Medical Clinic|123 Pacific Coast Highway|Suite 105||Malibu|CA|90265|LOS ANGELES|323-555-1212|323-555-1313|stark@starkhealthent.com|||100|NONE|02|TRUE|TRUE|TRUE|TRUE|TRUE|FALSE||Stark Industries Physicians|FALSE|YES|2019-01-01|2020-12-31|MD|MALE|DR|4498765432|TRUE|QNXT|1975-05-01||||
PRV000002|NW0001|Bruce|Banner|Big Green Medical Center|9087654321|957654321|PHYSICIAN|0|FT|TRUE||||ADDR0002|PHYSICAL|Gamma First Clinic|555 Mean Street|||Los Angeles|CA|90001|LOS ANGELES|323-555-2323|323-555-2424|banner@gammaclinic.com|||0|207U00000X|36|TRUE|TRUE|TRUE|FALSE|FALSE|TRUE|||TRUE|OMITTED|2019-01-01|2019-12-31|MD|MALE|DR||TRUE|QNXT|1975-02-29||||
|NW0001|Missing|HP Prov ID|Missing HP Prov ID|1234567890|123456789|PHYSICIAN||FT|TRUE||||ADDR0003|PHYSICAL|Missing HP Prov ID|Missing HP Prov ID|||Los Angeles|CA|90001|LOS ANGELES|323-555-2323|323-555-2424|missingdata@example.com||||NONE|02|TRUE|TRUE|TRUE|TRUE|TRUE|TRUE|ERROR TEST 1|ERROR TEST 1|TRUE|YES|2020-01-01|2020-12-31|||||TRUE|QNXT|||||
PRV000003||Missing|Network Code|Missing Network Code|1234567891|123456780|PHYSICIAN||FT|TRUE||||ADDR0004|PHYSICAL|Missing Network Code|Missing Network Code|||Los Angeles|CA|90001|LOS ANGELES|323-555-2323|323-555-2424|missingdata@example.com||||NONE|02|TRUE|TRUE|TRUE|TRUE|TRUE|TRUE|ERROR TEST 2|ERROR TEST 2|TRUE|YES|2020-01-01|2020-12-31|||||TRUE|QNXT|||||
PRV000004|NW0001||Missing First Name|Missing First Name|1234567892|123456781|PHYSICIAN||FT|TRUE||||ADDR0005|PHYSICAL|Missing First Name|Missing First Name|||Los Angeles|CA|90001|LOS ANGELES|323-555-2323|323-555-2424|missingdata@example.com||||NONE|02|TRUE|TRUE|TRUE|TRUE|TRUE|TRUE|ERROR TEST 3|ERROR TEST 3|TRUE|YES|2020-01-01|2020-12-31|||||TRUE|QNXT|||||
PRV000005|NW0001|Missing Last Name||Missing Last Name|1234567893|123456782|PHYSICIAN||FT|TRUE||||ADDR0006|PHYSICAL|Missing Last Name|Missing Last Name|||Los Angeles|CA|90001|LOS ANGELES|323-555-2323|323-555-2424|missingdata@example.com||||NONE|02|TRUE|TRUE|TRUE|TRUE|TRUE|TRUE|ERROR TEST 4|ERROR TEST 4|TRUE|YES|2020-01-01|2020-12-31|||||TRUE|QNXT|||||
PRV000006||||Missing Name and Network Code|1234567894|123456783|PHYSICIAN||FT|TRUE||||ADDR0007|PHYSICAL|Missing Name and Network Code|Missing Name and Network Code|||Los Angeles|CA|90001|LOS ANGELES|323-555-2323|323-555-2424|missingdata@example.com||||NONE|02|TRUE|TRUE|TRUE|TRUE|TRUE|TRUE|ERROR TEST 5|ERROR TEST 5|TRUE|YES|2020-01-01|2020-12-31|||||TRUE|QNXT|||||
PRV000007|NW0001|Missing|Specialty Codes|Missing Specialty Codes|1234567895|123456784|PHYSICIAN||FT|TRUE||||ADDR0008|PHYSICAL|Missing Specialty Codes|Missing Specialty Codes|||Los Angeles|CA|90001|LOS ANGELES|323-555-2323|323-555-2424|missingdata@example.com||||||TRUE|TRUE|TRUE|TRUE|TRUE|TRUE|ERROR TEST 6|ERROR TEST 6|TRUE|YES|2020-01-01|2020-12-31|||||TRUE|QNXT|||||
PRV000008|NW0001|Mismatched|Specialty Codes|Mismatched Specialty Codes|1234567896|123456785|PHYSICIAN||FT|TRUE||||ADDR0009|PHYSICAL|Mismatched Specialty Codes|Mismatched Specialty Codes|||Los Angeles|CA|90001|LOS ANGELES|323-555-2323|323-555-2424|missingdata@example.com||||208600000X|01|TRUE|TRUE|TRUE|TRUE|TRUE|TRUE|ERROR TEST 7|ERROR TEST 7|TRUE|YES|2020-01-01|2020-12-31|||||TRUE|QNXT|||||
PRV000009|BAD|Bad|Network Code|Bad Network Code|1234567897|123456786|PHYSICIAN||FT|TRUE||||ADDR0010|PHYSICAL|Bad Network Code|Bad Network Code|||Los Angeles|CA|90001|LOS ANGELES|323-555-2323|323-555-2424|baddata@example.com||||NONE|02|TRUE|TRUE|TRUE|TRUE|TRUE|TRUE|ERROR TEST 8|ERROR TEST 8|TRUE|YES|2020-01-01|2020-12-31|||||TRUE|QNXT|||||
PRV000010|NW0001|Missing|Provider Type|Missing Provider Type|1234567898|123456787|||FT|TRUE||||ADDR0011|PHYSICAL|Missing Provider Type|Missing Provider Type|||Los Angeles|CA|90001|LOS ANGELES|323-555-2323|323-555-2424|missingdata@example.com||||NONE|02|TRUE|TRUE|TRUE|TRUE|TRUE|TRUE|ERROR TEST 9|ERROR TEST 9|TRUE|YES|2020-01-01|2020-12-31|||||TRUE|QNXT|||||
PRV000011|NW0001|Bad|Provider Type|Bad Provider Type|1234567899|123456788|DOCTOR||FT|TRUE||||ADDR0012|PHYSICAL|Bad Provider Type|Bad Provider Type|||Los Angeles|CA|90001|LOS ANGELES|323-555-2323|323-555-2424|baddata@example.com||||NONE|02|TRUE|TRUE|TRUE|TRUE|TRUE|TRUE|ERROR TEST 10|ERROR TEST 10|TRUE|YES|2020-01-01|2020-12-31|||||TRUE|QNXT|||||
PRV000012|NW0001|Missing|NPI|Missing NPI||123456789|PHYSICIAN||FT|TRUE||||ADDR0013|PHYSICAL|Missing NPI|Missing NPI|||Los Angeles|CA|90001|LOS ANGELES|323-555-2323|323-555-2424|missingdata@example.com||||NONE|02|TRUE|TRUE|TRUE|TRUE|TRUE|TRUE|ERROR TEST 11|ERROR TEST 11|TRUE|YES|2020-01-01|2020-12-31|||||TRUE|QNXT|||||
PRV000013|NW0001|Missing|Full or Part Time|Missing Full or Part Time|1234567900|123456790|PHYSICIAN|||TRUE||||ADDR0014|PHYSICAL|Missing Full or Part Time|Missing Full or Part Time|||Los Angeles|CA|90001|LOS ANGELES|323-555-2323|323-555-2424|missingdata@example.com||||NONE|02|TRUE|TRUE|TRUE|TRUE|TRUE|TRUE|ERROR TEST 12|ERROR TEST 12|TRUE|YES|2020-01-01|2020-12-31|||||TRUE|QNXT|||||
PRV000014|NW0001|Invalid|Full or Part Time|Invalid Full or Part Time|1234567901|123456791|PHYSICIAN||FULL TIME|TRUE||||ADDR0015|PHYSICAL|Invalid Full or Part Time|Invalid Full or Part Time|||Los Angeles|CA|90001|LOS ANGELES|323-555-2323|323-555-2424|missingdata@example.com||||NONE|02|TRUE|TRUE|TRUE|TRUE|TRUE|TRUE|ERROR TEST 13|ERROR TEST 13|TRUE|YES|2020-01-01|2020-12-31|||||TRUE|QNXT|||||
PRV000015|NW0001|Missing|In Person After Hours|Missing In Person After Hours|1234567902|123456792|PHYSICIAN||FT|||||ADDR0016|PHYSICAL|Missing In Person After Hours|Missing In Person After Hours|||Los Angeles|CA|90001|LOS ANGELES|323-555-2323|323-555-2424|baddata@example.com||||NONE|02|TRUE|TRUE|TRUE|TRUE|TRUE|TRUE|ERROR TEST 14|ERROR TEST 14|TRUE|YES|2020-01-01|2020-12-31|||||TRUE|QNXT|||||
PRV000016|NW0001|Invalid|In Person After Hours|Invalid In Person After Hours|1234567903|123456793|PHYSICIAN||FT|YES||||ADDR0017|PHYSICAL|Invalid In Person After Hours|Invalid In Person After Hours|||Los Angeles|CA|90001|LOS ANGELES|323-555-2323|323-555-2424|baddata@example.com||||NONE|02|TRUE|TRUE|TRUE|TRUE|TRUE|TRUE|ERROR TEST 15|ERROR TEST 15|TRUE|YES|2020-01-01|2020-12-31|||||TRUE|QNXT|||||
PRV000017|NW0001|Missing|Supervising Specialist|Missing Supervising Specialist|1234567904|123456794|NON-PHYSICIAN||FT|FALSE||||ADDR0018|PHYSICAL|Missing Supervising Specialist|Missing Supervising Specialist|||Los Angeles|CA|90001|LOS ANGELES|323-555-2323|323-555-2424|missingdata@example.com||||NONE|02|TRUE|TRUE|TRUE|TRUE|TRUE|TRUE|ERROR TEST 16|ERROR TEST 16|TRUE|YES|2020-01-01|2020-12-31|||||TRUE|QNXT|||||
PRV000018|NW0001|Missing|Health Plan Provider Address|Missing Health Plan Provider Address|1234567905|123456795|PHYSICIAN||FT|FALSE||||||||||||||||||||NONE|02|TRUE|TRUE|TRUE|TRUE|TRUE|TRUE|ERROR TEST 17|ERROR TEST 17|TRUE|YES|2020-01-01|2020-12-31|||||TRUE|QNXT|||||
PRV000019|NW0001|Invalid|Address Type|Invalid Address Type|1234567904|123456794|PHYSICIAN||FT|FALSE||||ADDR0018|BADTYPE|Invalid Address Type|Invalid Address Type|||Los Angeles|CA|90001|LOS ANGELES|323-555-2323|323-555-2424|missingdata@example.com||||NONE|02|TRUE|TRUE|TRUE|TRUE|TRUE|TRUE|ERROR TEST 18|ERROR TEST 18|TRUE|YES|2020-01-01|2020-12-31|||||TRUE|QNXT|||||
PRV000020|NW0001|Invalid|City State Zip County Combo|Invalid City State Zip County Combo|1234567905|123456795|PHYSICIAN||FT|FALSE||||ADDR0019|PHYSICAL|Invalid City State Zip County Combo|Invalid City State Zip County Combo|||Los Angeles|CA|37206|LOS ANGELES|323-555-2323|323-555-2424|baddata@example.com||||NONE|02|TRUE|TRUE|TRUE|TRUE|TRUE|TRUE|ERROR TEST 19|ERROR TEST 19|TRUE|YES|2020-01-01|2020-12-31|||||TRUE|QNXT|||||
PRV000021|NW0001|Invalid|Primary Specialty Indicator|Invalid Primary Specialty Indicator|1234567906|123456796|PHYSICIAN||FT|FALSE||||ADDR0020|PHYSICAL|Invalid Primary Specialty Indicator|Invalid Primary Specialty Indicator|||Los Angeles|CA|90001|LOS ANGELES|323-555-2323|323-555-2424|baddata@example.com||||NONE|02|BADPRIMSPEC|TRUE|TRUE|TRUE|TRUE|TRUE|ERROR TEST 20|ERROR TEST 20|TRUE|YES|2020-01-01|2020-12-31|||||TRUE|QNXT|||||
PRV000022|NW0001|Invalid|Board Certified Indicator|Invalid Board Certified Indicator|1234567907|123456797|PHYSICIAN||FT|FALSE||||ADDR0021|PHYSICAL|Invalid Board Certified Indicator|Invalid Board Certified Indicator|||Los Angeles|CA|90001|LOS ANGELES|323-555-2323|323-555-2424|baddata@example.com||||NONE|02|TRUE|BADBOARDSPEC|TRUE|TRUE|TRUE|TRUE|ERROR TEST 21|ERROR TEST 21|TRUE|YES|2020-01-01|2020-12-31|||||TRUE|QNXT|||||
PRV000023|NW0001|Invalid|Board Eligible Indicator|Invalid Board Eligible Indicator|1234567908|123456798|PHYSICIAN||FT|FALSE||||ADDR0022|PHYSICAL|Invalid Board Eligible Indicator|Invalid Board Eligible Indicator|||Los Angeles|CA|90001|LOS ANGELES|323-555-2323|323-555-2424|baddata@example.com||||NONE|02|TRUE|TRUE|BADBOARDELIG|TRUE|TRUE|TRUE|ERROR TEST 22|ERROR TEST 22|TRUE|YES|2020-01-01|2020-12-31|||||TRUE|QNXT|||||
PRV000024|NW0001|Invalid|Is PCP Indicator|Invalid Is PCP Indicator|1234567909|123456799|PHYSICIAN||FT|FALSE||||ADDR0023|PHYSICAL|Invalid Is PCP Indicator|Invalid Is PCP Indicator|||Los Angeles|CA|90001|LOS ANGELES|323-555-2323|323-555-2424|baddata@example.com||||NONE|02|TRUE|TRUE|TRUE|BADISPCP|TRUE|TRUE|ERROR TEST 23|ERROR TEST 23|TRUE|YES|2020-01-01|2020-12-31|||||TRUE|QNXT|||||
PRV000025|NW0001|Invalid|Accepting New Patients|Invalid Accepting New Patients Indicator|1234567910|123456700|PHYSICIAN||FT|FALSE||||ADDR0024|PHYSICAL|Invalid Accepting New Patients Indicator|Invalid Accepting New Patients Indicator|||Los Angeles|CA|90001|LOS ANGELES|323-555-2323|323-555-2424|baddata@example.com||||NONE|02|TRUE|TRUE|TRUE|FALSE|BADACCNEWPT|TRUE|ERROR TEST 24|ERROR TEST 24|TRUE|YES|2020-01-01|2020-12-31|||||TRUE|QNXT|||||
PRV000026|NW0001|Invalid|Accepting New Referrals|Invalid Accepting New Referrals Indicator|1234567911|123456701|PHYSICIAN||FT|FALSE||||ADDR0025|PHYSICAL|Invalid Accepting New Referrals Indicator|Invalid Accepting New Referrals Indicator|||Los Angeles|CA|90001|LOS ANGELES|323-555-2323|323-555-2424|baddata@example.com||||NONE|02|TRUE|TRUE|TRUE|FALSE|TRUE|BADACCPTNWREF|ERROR TEST 25|ERROR TEST 25|TRUE|YES|2020-01-01|2020-12-31|||||TRUE|QNXT|||||
PRV000027|NW0001|Invalid|Outpt Appt Avail|Invalid Outpt Appt Avail Indicator|1234567912|123456702|PHYSICIAN||FT|FALSE||||ADDR0026|PHYSICAL|Invalid Outpt Appt Avail Indicator|Invalid Outpt Appt Avail Indicator|||Los Angeles|CA|90001|LOS ANGELES|323-555-2323|323-555-2424|baddata@example.com||||NONE|02|TRUE|TRUE|TRUE|FALSE|TRUE|FALSE|ERROR TEST 26|ERROR TEST 26|BADOUTPTAVAIL|YES|2020-01-01|2020-12-31|||||TRUE|QNXT|||||
PRV000028|NW0001|Invalid|In Directory|Invalid In Directory Indicator|1234567913|123456703|PHYSICIAN||FT|FALSE||||ADDR0027|PHYSICAL|Invalid In Directory Indicator|Invalid In Directory Indicator|||Los Angeles|CA|90001|LOS ANGELES|323-555-2323|323-555-2424|baddata@example.com||||NONE|02|TRUE|TRUE|TRUE|FALSE|TRUE|FALSE|ERROR TEST 27|ERROR TEST 27|FALSE|BADINDIR|2020-01-01|2020-12-31|||||TRUE|QNXT|||||
PRV000029|NW0001|Invalid|Contract Effective Date|Invalid Contract Effective Date|1234567914|123456704|PHYSICIAN||FT|FALSE||||ADDR0028|PHYSICAL|Invalid Contract Effective Date|Invalid Contract Effective Date|||Los Angeles|CA|90001|LOS ANGELES|323-555-2323|323-555-2424|baddata@example.com||||NONE|02|TRUE|TRUE|TRUE|FALSE|TRUE|FALSE|ERROR TEST 28|ERROR TEST 28|FALSE|REMOVED|BADDATE|2020-12-31|||||TRUE|QNXT|||||
PRV000030|NW0001|Missing|Contract Effective Date|Missing Contract Effective Date|1234567915|123456705|PHYSICIAN||FT|FALSE||||ADDR0029|PHYSICAL|Missing Contract Effective Date|Missing Contract Effective Date|||Los Angeles|CA|90001|LOS ANGELES|323-555-2323|323-555-2424|baddata@example.com||||NONE|02|TRUE|TRUE|TRUE|FALSE|TRUE|FALSE|ERROR TEST 29|ERROR TEST 29|FALSE|WITHHELD||2020-12-31|||||TRUE|QNXT|||||
PRV000031|NW0001|Invalid|Contract Term Date|Invalid Contract Term Date|1234567916|123456706|PHYSICIAN||FT|FALSE||||ADDR0030|PHYSICAL|Invalid Contract Term Date|Invalid Contract Term Date|||Los Angeles|CA|90001|LOS ANGELES|323-555-2323|323-555-2424|baddata@example.com||||NONE|02|TRUE|TRUE|TRUE|FALSE|TRUE|FALSE|ERROR TEST 30|ERROR TEST 30|FALSE|NO|2020-01-01|2019-12-31|XYZ|ZZZ|WER|1111111111|TRUE|QNXT|||||
PRV000032|NW0001|Clint|Barton|Hawkeye Health|9998887771|951112223|PHYSICIAN|0|PT|FALSE||||ADDR0031|PHYSICAL|Hawk's Nest Medical Clinic - Del Mar|8091 Bow Street|||Del Mar|CA|92014|SAN DIEGO|858-555-4444|858-555-5555|barton@hawkeyehealth.com|||0|208C00000X|02|TRUE|TRUE|TRUE|FALSE|FALSE|TRUE|||FALSE|NO|2019-01-01|2021-12-31|DO|MALE|DR||TRUE|QNXT|||||
PRV000032|NW0001|Clint|Barton|Hawkeye Health|9998887771|951112223|PHYSICIAN|0|PT|FALSE||||ADDR0032|PHYSICAL|Hawk's Nest Medical Clinic - El Cajon|32098 Avenger Blvd|Suite 205||El Cajon|CA|92019|SAN DIEGO|858-555-4444|858-555-5555|barton@hawkeyehealth.com|||0|208C00000X|02|TRUE|TRUE|TRUE|FALSE|FALSE|FALSE|||FALSE|NO|2019-01-01|2021-12-31|DO|MALE|DR||TRUE|QNXT|||||
PRV000001|NW0002|Anthony|Stark|Stark Health Enterprises|9123456780|951234567|PHYSICIAN|100|FT|TRUE||||ADDR0001|PHYSICAL|Mark I Medical Clinic|123 Pacific Coast Highway|Suite 105||Malibu|CA|90265|LOS ANGELES|323-555-1212|323-555-1313|stark@starkhealthent.com|||100|NONE|02|TRUE|TRUE|TRUE|TRUE|TRUE|FALSE||Stark Industries Physicians|FALSE|YES|2019-01-01|2020-12-31|MD|MALE|DR|4498765432|TRUE|QNXT|||||
PRV000032|NW0002|Clint|Barton|Hawkeye Health|9998887771|951112223|PHYSICIAN|0|PT|FALSE||||ADDR0031|PHYSICAL|Hawk's Nest Medical Clinic - Del Mar|8091 Bow Street|||Del Mar|CA|92014|SAN DIEGO|858-555-4444|858-555-5555|barton@hawkeyehealth.com|||0|208C00000X|02|TRUE|TRUE|TRUE|FALSE|FALSE|TRUE|||FALSE|NO|2019-01-01|2021-12-31|DO|MALE|DR||TRUE|QNXT|||||
PRV000032|NW0002|Clint|Barton|Hawkeye Health|9998887771|951112223|PHYSICIAN|0|PT|FALSE||||ADDR0032|PHYSICAL|Hawk's Nest Medical Clinic - El Cajon|32098 Avenger Blvd|Suite 205||El Cajon|CA|92019|SAN DIEGO|858-555-4444|858-555-5555|barton@hawkeyehealth.com|||0|208C00000X|02|TRUE|TRUE|TRUE|FALSE|FALSE|FALSE|||FALSE|NO|2019-01-01|2021-12-31|DO|MALE|DR||TRUE|QNXT|||||
PRV000033|NW0001|Peter|Parker||9998887772|951112224|PHYSICIAN|250|FT|FALSE||||ADDR0033|PHYSICAL|Southern California Primary Care Associates - Newport|9870 Pacific Coast Highway|Suite 110||Newport Beach|CA|92660|ORANGE|949-555-7777|949-555-8888|parker@socalprimary.com|||75|207Q00000X|08|TRUE|TRUE|TRUE|FALSE|TRUE|FALSE||SoCal Independent Physicians|FALSE|YES|2018-01-01|2021-12-31|PA|MALE|MR|3398765432|FALSE|QNXT|||||
PRV000033|NW0001|Peter|Parker||9998887772|951112224|PHYSICIAN|250|FT|FALSE||||ADDR0034|PHYSICAL|Southern California Primary Care Associates - Laguna|15301 Laguna Bay Drive|Suite 300||Laguna Beach|CA|92651|ORANGE|949-555-9999|949-555-0001|parker@socalprimary.com|||75|207Q00000X|08|TRUE|TRUE|TRUE|TRUE|FALSE|FALSE||SoCal Independent Physicians|FALSE|YES|2018-01-01|2021-12-31|PA|MALE|MR|3398765432|FALSE|QNXT|||||
PRV000033|NW0002|Peter|Parker||9998887772|951112224|PHYSICIAN|100|FT|FALSE||||ADDR0033|PHYSICAL|Southern California Primary Care Associates - Newport|9870 Pacific Coast Highway|Suite 110||Newport Beach|CA|92660|ORANGE|949-555-7777|949-555-8888|parker@socalprimary.com|||50|207Q00000X|08|TRUE|TRUE|TRUE|FALSE|TRUE|FALSE||SoCal Independent Physicians|FALSE|YES|2018-01-01|2021-12-31|PA|MALE|MR|3398765432|TRUE|QNXT|||||
PRV000033|NW0002|Peter|Parker||9998887772|951112224|PHYSICIAN|100|FT|FALSE||||ADDR0034|PHYSICAL|Southern California Primary Care Associates - Laguna|15301 Laguna Bay Drive|Suite 300||Laguna Beach|CA|92651|ORANGE|949-555-9999|949-555-0001|parker@socalprimary.com|||50|207Q00000X|08|TRUE|TRUE|TRUE|TRUE|FALSE|FALSE||SoCal Independent Physicians|FALSE|YES|2018-01-01|2021-12-31|PA|MALE|MR|3398765432|TRUE|QNXT|||||
PRV000033|NW0001|Peter|Parker||9998887772|951112224|PHYSICIAN|250|FT|FALSE||||ADDR0035|PHYSICAL|Southern California Primary Care Associates - Orange|9810 Orange Ave|Suite 205||ORANGE|CA|92865|ORANGE|714-555-9889|714-555-8998|parker@socalprimary.com|||50|207Q00000X|08|TRUE|TRUE|TRUE|TRUE|TRUE|FALSE||SoCal Independent Physicians|TRUE|YES|2018-01-01|2021-12-31|PA|MALE|MR|3398765432|FALSE|QNXT|||||
PRV000033|NW0001|Peter|Parker||9998887772|951112224|PHYSICIAN|250|FT|FALSE||||ADDR0036|PHYSICAL|Southern California Primary Care Associates - Long Beach|8710 Pacific Ave|Suite 110||LONG BEACH|CA|90814|LOS ANGELES|562-555-1221|562-555-2112|parker@socalprimary.com|||50|207Q00000X|08|TRUE|TRUE|TRUE|TRUE|TRUE|FALSE||SoCal Independent Physicians|TRUE|YES|2018-01-01|2021-12-31|PA|MALE|MR|3398765432|FALSE|QNXT|||||
PRV000034|NW0001|Natasha|Romanov||9998887773|951112225|PHYSICIAN|100|FT|TRUE||||ADDR0037|PHYSICAL|Sports Medicine Associates|19410 Hawthorne Blvd|Suite 120||LONG BEACH|CA|90814|LOS ANGELES|562-555-1881|562-555-8118|nromanov@ptassocca.com|||100|NONE|65|TRUE|TRUE|TRUE|FALSE|FALSE|TRUE||Physical Therapy Associates|TRUE|YES|2018-01-01|2021-12-31|MD|FEMALE|DR|2298765432|TRUE|QNXT|||||
PRV000034|NW0002|Natasha|Romanov||9998887773|951112225|PHYSICIAN|100|FT|TRUE||||ADDR0037|PHYSICAL|Sports Medicine Associates|19410 Hawthorne Blvd|Suite 120||LONG BEACH|CA|90814|LOS ANGELES|562-555-1881|562-555-8118|nromanov@ptassocca.com|||100|NONE|65|TRUE|TRUE|TRUE|FALSE|FALSE|TRUE||Physical Therapy Associates|TRUE|YES|2018-01-01|2021-12-31|MD|FEMALE|DR|2298765432|TRUE|QNXT|||||
PRV000035|NW0001|Steven|Strange||9998887774|951112226|PHYSICIAN|0|FT|TRUE||||ADDR0038|PHYSICAL|Holistic Care Associates|177 Bleecker Street|||LOS ANGELES|CA|90011|LOS ANGELES|562-555-1554|562-555-1555|strange@holistic.org|||100|207QS1201X|08|TRUE|TRUE|TRUE|FALSE|FALSE|TRUE|||TRUE|YES|2018-01-01|2021-12-31|MD|MALE|DR||TRUE|QNXT|||||
PRV000035|NW0002|Steven|Strange||9998887774|951112226|PHYSICIAN|0|FT|TRUE||||ADDR0038|PHYSICAL|Holistic Care Associates|177 Bleecker Street|||LOS ANGELES|CA|90011|LOS ANGELES|562-555-1554|562-555-1555|strange@holistic.org|||100|207QS1201X|08|TRUE|TRUE|TRUE|FALSE|FALSE|TRUE|||TRUE|YES|2018-01-01|2021-12-31|MD|MALE|DR||TRUE|QNXT|||||
PRV000036|NW0001|Wanda|Maximov||9998887775|951112227|PHYSICIAN|0|FT|TRUE||||ADDR0039|PHYSICAL||342 Scarlet Ln|||Simi Valley|CA|93063|VENTURA|310-555-3321|310-555-3322|wanda@privatepractice.net|||0|207VX0201X|16|TRUE|TRUE|TRUE|TRUE|FALSE|TRUE|||TRUE|YES|2018-01-01|2021-12-31|DO|FEMALE|DR||TRUE|QNXT|||||
PRV000036|NW0002|Wanda|Maximov||9998887775|951112227|PHYSICIAN|0|FT|TRUE||||ADDR0039|PHYSICAL||342 Scarlet Ln|||Simi Valley|CA|93063|VENTURA|310-555-3321|310-555-3322|wanda@privatepractice.net|||0|207VX0201X|16|TRUE|TRUE|TRUE|TRUE|FALSE|TRUE|||TRUE|YES|2018-01-01|2021-12-31|DO|FEMALE|DR||TRUE|QNXT|||||
PRV000037|NW0001|Ivan|Vanko||9998887776|951112228|PHYSICIAN|0|FT|TRUE||||ADDR0040|PHYSICAL||200 14th Ave|||Los Angeles|CA|90011|LOS ANGELES|310-555-7777|310-555-7778|ivanko@hammerindustries.com|||0|2084S0010X|23|TRUE|TRUE|TRUE|FALSE|FALSE|TRUE|||TRUE|YES|2018-01-01|2021-12-31|PA|MALE|MR||TRUE|QNXT|||||
PRV000037|NW0002|Ivan|Vanko||9998887776|951112228|PHYSICIAN|0|FT|TRUE||||ADDR0040|PHYSICAL||200 14th Ave|||Los Angeles|CA|90011|LOS ANGELES|310-555-7777|310-555-7778|ivanko@hammerindustries.com|||0|2084S0010X|23|TRUE|TRUE|TRUE|FALSE|FALSE|TRUE|||TRUE|YES|2018-01-01|2021-12-31|PA|MALE|MR||TRUE|QNXT|||||
PRV000038|NW0001|Justin|Hammer||9998887777|951112229|PHYSICIAN|0|FT|TRUE||||ADDR0041|PHYSICAL||202 14th Ave|||Los Angeles|CA|90011|LOS ANGELES|310-555-7779|310-555-7780|jhammer@hammerindustries.com|||0|208000000X|37|TRUE|TRUE|TRUE|TRUE|FALSE|TRUE|||TRUE|YES|2018-01-01|2021-12-31|MD|MALE|DR||TRUE|QNXT|||||
PRV000038|NW0002|Justin|Hammer||9998887777|951112229|PHYSICIAN|0|FT|TRUE||||ADDR0041|PHYSICAL||202 14th Ave|||Los Angeles|CA|90011|LOS ANGELES|310-555-7779|310-555-7780|jhammer@hammerindustries.com|||0|208000000X|37|TRUE|TRUE|TRUE|TRUE|FALSE|TRUE|||TRUE|YES|2018-01-01|2021-12-31|MD|MALE|DR||TRUE|QNXT|||||
PRV000039|NW0001|Wade|Wilson||9998887778|951112230|PHYSICIAN|10|FT|TRUE||||ADDR0042|PHYSICAL||1000 4th Wall St|||LONG BEACH|CA|90814|LOS ANGELES|562-555-1112|562-555-1113|wade@wade.com|||0|235Z00000X|15|TRUE|TRUE|TRUE|FALSE|FALSE|TRUE|||TRUE|YES|2018-01-01|2021-12-31|MD|MALE|DR||TRUE|QNXT|||||
PRV000039|NW0002|Wade|Wilson||9998887778|951112230|PHYSICIAN|10|FT|TRUE||||ADDR0042|PHYSICAL||1000 4th Wall St|||LONG BEACH|CA|90814|LOS ANGELES|562-555-1112|562-555-1113|wade@wade.com|||0|235Z00000X|15|TRUE|TRUE|TRUE|FALSE|FALSE|TRUE|||TRUE|YES|2018-01-01|2021-12-31|MD|MALE|DR||TRUE|QNXT|||||
PRV000040|NW0001|Charles|Xavier||9998887779|951112231|PHYSICIAN|0|FT|TRUE||||ADDR0043|PHYSICAL||2300 X Blvd|||LONG BEACH|CA|90814|LOS ANGELES|562-555-2223|562-555-2224|x@schoolforyouth.org|||0|NONE|13|TRUE|TRUE|TRUE|FALSE|FALSE|TRUE|||TRUE|YES|2018-01-01|2021-12-31|MD|MALE|DR||TRUE|QNXT|||||
PRV000040|NW0002|Charles|Xavier||9998887779|951112231|PHYSICIAN|0|FT|TRUE||||ADDR0043|PHYSICAL||2300 X Blvd|||LONG BEACH|CA|90814|LOS ANGELES|562-555-2223|562-555-2224|x@schoolforyouth.org|||0|NONE|13|TRUE|TRUE|TRUE|FALSE|FALSE|TRUE|||TRUE|YES|2018-01-01|2021-12-31|MD|MALE|DR||TRUE|QNXT|||||
PRV000044|NW0001|Steve|Rogers||9998887780|951112232|PHYSICIAN|0|FT|TRUE||||ADDR0044|PHYSICAL||100 America Way|||OXNARD|CA|93030|VENTURA|865-555-1000|865-555-1001|cap@america.gov|||0|NONE|01|TRUE|TRUE|TRUE|TRUE|FALSE|TRUE|||TRUE|YES|2018-01-01|2021-12-31|MD|MALE|DR||TRUE|QNXT|||||
PRV000044|NW0002|Steve|Rogers||9998887780|951112232|PHYSICIAN|0|FT|TRUE||||ADDR0044|PHYSICAL||100 America Way|||OXNARD|CA|93030|VENTURA|865-555-1000|865-555-1001|cap@america.gov|||0|NONE|01|TRUE|TRUE|TRUE|TRUE|FALSE|TRUE|||TRUE|YES|2018-01-01|2021-12-31|MD|MALE|DR||TRUE|QNXT|||||
PRV000043|NW0001|Nicholas|Fury||9998887781|951112233|PHYSICIAN|0|FT|TRUE||||ADDR0045|PHYSICAL||212 K Street|||LOS ANGELES|CA|90012|LOS ANGELES|310-555-2000|310-555-2001|fury@shield.gov|||0|NONE|C6|TRUE|TRUE|TRUE|FALSE|FALSE|TRUE|||TRUE|YES|2018-01-01|2021-12-31|MD|MALE|DR||TRUE|QNXT|||||
PRV000043|NW0002|Nicholas|Fury||9998887781|951112233|PHYSICIAN|0|FT|TRUE||||ADDR0045|PHYSICAL||212 K Street|||LOS ANGELES|CA|90012|LOS ANGELES|310-555-2000|310-555-2001|fury@shield.gov|||0|NONE|C6|TRUE|TRUE|TRUE|FALSE|FALSE|TRUE|||TRUE|YES|2018-01-01|2021-12-31|MD|MALE|DR||TRUE|QNXT|||||
PRV000041|NW0001|Thor|Odinson||9998887782|951112234|PHYSICIAN|0|FT|TRUE||||ADDR0046|PHYSICAL||321 Asgard Pkwy|||GARDEN GROVE|CA|92840|ORANGE|310-555-3000|310-555-3001|thor@asgard.com|||0|207L00000X|05|TRUE|TRUE|TRUE|FALSE|FALSE|TRUE|||TRUE|YES|2018-01-01|2021-12-31|MD|MALE|DR||TRUE|CACTUS|||||
PRV000041|NW0002|Thor|Odinson||9998887782|951112234|PHYSICIAN|0|FT|TRUE||||ADDR0046|PHYSICAL||321 Asgard Pkwy|||GARDEN GROVE|CA|92840|ORANGE|310-555-3000|310-555-3001|thor@asgard.com|||0|207L00000X|05|TRUE|TRUE|TRUE|FALSE|FALSE|TRUE|||TRUE|YES|2018-01-01|2021-12-31|MD|MALE|DR||TRUE|CACTUS|||||
PRV000042|NW0001|Loki|Odinson||9998887783|951112235|PHYSICIAN|0|FT|TRUE||||ADDR0047|PHYSICAL||422 Asgard Pkwy|||GARDEN GROVE|CA|92840|ORANGE|310-555-3003|310-555-3004|loki@asgard.com|||0|207Q00000X|08|TRUE|TRUE|TRUE|TRUE|FALSE|TRUE|||TRUE|YES|2018-01-01|2021-12-31|MD|MALE|DR||TRUE|CACTUS|||||
PRV000042|NW0002|Loki|Odinson||9998887783|951112235|PHYSICIAN|0|FT|TRUE||||ADDR0047|PHYSICAL||422 Asgard Pkwy|||GARDEN GROVE|CA|92840|ORANGE|310-555-3003|310-555-3004|loki@asgard.com|||0|207Q00000X|08|TRUE|TRUE|TRUE|TRUE|FALSE|TRUE|||TRUE|YES|2018-01-01|2021-12-31|MD|MALE|DR||TRUE|CACTUS|||||
PRV000045|NW0001|Peter|Quill||9998887784|951112236|PHYSICIAN|0|FT|TRUE||||ADDR0048|PHYSICAL||2000 Terra Way|||GARDEN GROVE|CA|92840|ORANGE|310-555-4004|310-555-4005|quill@spacemedicine.com|||0|NONE|12|TRUE|TRUE|TRUE|FALSE|FALSE|TRUE|||TRUE|YES|2018-01-01|2021-12-31|XYZ|ABC|AAA||TRUE|CACTUS|||||
PRV001001|NW0001|KRISTINA|ASH||1003338757|9598765432|PHYSICIAN|0|FT|TRUE||||ADDR1001|PHYSICAL||5530 WISCONSIN AVE STE 1135|||CHEVY CHASE|MD|208154459|MONTGOMERY|301-654-1666|||||0|235Z00000X|15|TRUE|TRUE|TRUE|FALSE|FALSE|TRUE|||TRUE|YES|2018-01-01|2021-12-31|MS., CCC-SLP|FEMALE|MS|PRV001007|TRUE|CACTUS|1971-06-15|CNT100001|PAY TO||
PRV001002|NW0001|YELENA|BOLOVA||1003338757|9598765433|PHYSICIAN|0|FT|TRUE||||ADDR1002|PHYSICAL||12075 STONE BARK TRL|||ORLANDO|FL|328247394|ORANGE|787-568-9958|||||0|NONE|15|TRUE|TRUE|TRUE|FALSE|FALSE|TRUE|||TRUE|YES|2018-01-01|2021-12-31||UNKNOWN|DR||TRUE|CACTUS|||||
PRV001003|NW0001|KRISTAL|TURNER||1902084742|9598765434|PHYSICIAN|0|FT|TRUE||||ADDR1003|PHYSICAL||340 W GUNDERSON AVE|||APPLETON|MN|56208-1058|SWIFT||||||0|363LF0000X|50|TRUE|TRUE|TRUE|FALSE|FALSE|TRUE|||TRUE|YES|2018-01-01|2021-12-31|FNP|MALE|||TRUE|CACTUS|||||
PRV001004|NW0001|SYDNI|COLEMAN||1841722907|9598765435|PHYSICIAN|0|FT|TRUE||||ADDR1004|MAILING||4445 LAKE FOREST DR STE 600|||BLUE ASH|OH|452423744|HAMILTON|513-569-3741|||||0|363LF0000X|50|TRUE|TRUE|TRUE|FALSE|FALSE|TRUE|||TRUE|YES|2018-01-01|2021-12-31||FEMALE|||TRUE|CACTUS|||||
PRV001004|NW0001|SYDNI|COLEMAN||1841722907|9598765435|PHYSICIAN|0|FT|TRUE||||ADDR1005|PHYSICAL||1945 CEI DR|||BLUE ASH|OH|45242|HAMILTON|513-569-3741|||||0|363LF0000X|50|TRUE|TRUE|TRUE|FALSE|FALSE|TRUE|||TRUE|YES|2018-01-01|2021-12-31||FEMALE|||TRUE|CACTUS|||||
PRV001005|NW0001|Kate|Bishop||1750961744||PHYSICIAN|0|FT|TRUE||||ADDR1005|PHYSICAL||123 MAIN STREET|||CINCINNATI|OH|45242|HAMILTON|513-555-1212|||||0|363LF0000X|50|TRUE|TRUE|TRUE|FALSE|FALSE|TRUE|||TRUE|YES|2018-01-01|2022-12-31||FEMALE|||TRUE|QNXT|||||
PRV001006|NW0001|||UNDERWOOD THERAPY LLC|1497321053|957777888|MEDICAL GROUP|0|FT|TRUE||||ADDR1006|PHYSICAL||320 E BROAD ST FL 2|||COOKEVILLE|TN|385013382|PUTNAM|931-219-9320|||||0|193400000X|70|TRUE|TRUE|TRUE|FALSE|FALSE|TRUE|||TRUE|YES|2018-01-01|2022-12-31|||||TRUE|QNXT|||||
PRV001007|NW0001|||COMM HOME CARE LLC|1952977837|959999888|MEDICAL GROUP|0|FT|TRUE||||ADDR1007|PHYSICAL||9150 W HOLT ST|||BOISE|ID|83704|ADA|208-391-2951|||||0|251V00000X|61|TRUE|TRUE|TRUE|FALSE|FALSE|TRUE|||TRUE|YES|2018-01-01|2022-12-31|||||TRUE|QNXT|||||
PRV001008|NW0001|||TEST ORGANIZATION|1750611919|959999123|MEDICAL GROUP|0|FT|TRUE||||ADDR1008|PHYSICAL||9150 W HOLT ST|||BOISE|ID|83704|ADA|208-391-2951|||||0|251V00000X|61|TRUE|TRUE|TRUE|FALSE|FALSE|TRUE|||TRUE|YES|2018-01-01|2022-12-31|||||TRUE|QNXT|||||
PRV001009|NW0001|Quinn|Flanagan||1750961746||PHYSICIAN|0|FT|TRUE||||ADDR1006|PHYSICAL||123 MAIN STREET|||CINCINNATI|OH|45242||513-555-1212|||||0|363LF0000X|50|TRUE|TRUE|TRUE|FALSE|FALSE|TRUE|||TRUE|YES|2018-01-01|2022-12-31||FEMALE|||TRUE|QNXT|||||
PRV001010|NW0001|Kamala|Khan||1750961748||PHYSICIAN|0|FT|TRUE||||ADDR1007|PHYSICAL||123 MAIN STREET|||CINCINNATI|OH|45242|WILLIAMSON|513-A55-121B|||||0|363LF0000X|50|TRUE|TRUE|TRUE|FALSE|FALSE|TRUE|||TRUE|YES|2018-01-01|2022-12-31||FEMALE|||TRUE|QNXT|||||
PRV001011|NW0001|Carol|Danvers||1750961750||PHYSICIAN|0|FT|TRUE||||ADDR1008|PHYSICAL||123 MAIN STREET|||CINCINNATI|OH|45242||513-555-121|||||0|363LF0000X|50|TRUE|TRUE|TRUE|FALSE|FALSE|TRUE|||TRUE|YES|2018-01-01|2022-12-31||FEMALE||PRV001007|TRUE|QNXT|||PAY TO||
PRV001012|NW0001|Margaret|Carter||1750961752||PHYSICIAN|0|FT|TRUE||||ADDR1009|PHYSICAL||123 MAIN STREET|||CINCINNATI|OH|45242||555-555-1212|||||0|363LF0000X|50|TRUE|TRUE|TRUE|FALSE|FALSE|TRUE|||TRUE|YES|2018-01-01|2022-12-31||FEMALE||PRV001007|TRUE|QNXT|ABCDXYZ||PAY TO||
PRV001013|NW0001|NPI|Error||1982700449||PHYSICIAN|0|FT|TRUE||||ADDR1010|PHYSICAL||555 Broad St|||CHATTANOOGA|TN|37404||555-555-1212|||||0|363LF0000X|50|TRUE|TRUE|TRUE|FALSE|FALSE|TRUE|||TRUE|YES|2018-01-01|2022-12-31||FEMALE|||TRUE|QNXT|||||
PRV001014|NW0001|NPI|Error 2||1801982459||PHYSICIAN|0|FT|TRUE||||ADDR1011|PHYSICAL||666 Broad St|||CHATTANOOGA|TN|37404||555-555-1212|||||0|363LF0000X|50|TRUE|TRUE|TRUE|FALSE|FALSE|TRUE|||TRUE|YES|2018-01-01|2022-12-31||FEMALE|||TRUE|QNXT|||||
PRV001015|NW0001|||UM SHORE MEDICAL CENTER AT EASTON|1669431219||FACILITY|0|FT|TRUE||||ADDR1012|PHYSICAL||219 S WASHINGTON ST|||EASTON|MD|21601-2913|TALBOT|410-822-1000|||||0|363LF0000X|50|FALSE|FALSE|FALSE|FALSE|FALSE|FALSE|||FALSE|YES|2018-01-01|2022-12-31||UNKNOWN|||TRUE|QNXT|||||
PRV001016|NW0001|||STATE OF CONNECTICUT|1669466561||FACILITY|0|FT|TRUE||||ADDR1013|PHYSICAL||263 FARMINGTON AVENUE|||FARMINGTON|CT|06030-5355||860-679-2916|||||0|363LF0000X|50|FALSE|FALSE|FALSE|FALSE|FALSE|FALSE|||FALSE|YES|2018-01-01|2022-12-31||UNKNOWN|||TRUE|QNXT|||||
PRV001017|NW0001|||ESA DBA HUDSON VALLEY PARAMEDIC|1649278102||ANCILLARY|0|FT|TRUE||||ADDR1014|PHYSICAL||10 SOUTH WHITE STREET|||POUGHKEEPSIE|NY|12601||845-621-9300|||||0|363LF0000X|50|FALSE|FALSE|FALSE|FALSE|FALSE|FALSE|||FALSE|YES|2018-01-01|2022-12-31||UNKNOWN|||TRUE|QNXT|||||
PRV001018|NW0001|Maya|Anderson||1750961750||PHYSICIAN|0|FT|TRUE||||ADDR1008|PHYSICAL||123 MAIN STREET|||CINCINNATI|OH|45242||513-555-121|||||0|363LF0000X|50|TRUE|TRUE|TRUE|FALSE|FALSE|TRUE|||TRUE|YES|2018-01-01|2022-12-31||FEMALE||PRV001019|TRUE|QNXT|1965-02-23||PAY TO||
PRV001019|NW0001|||Maya Anderson Family Practice, LLC|1750961750|9598763520|PHYSICIAN|0|FT|TRUE||||ADDR1008|PHYSICAL||123 MAIN STREET|||CINCINNATI|OH|45242||513-555-121|||||0|363LF0000X|50|TRUE|TRUE|TRUE|FALSE|FALSE|TRUE|||TRUE|YES|2018-01-01|2022-12-31||FEMALE|||TRUE|QNXT|||PAY TO|INVALID RECORD STATUS|INVALID PANEL STATUS
PRV001020|NW0001|||Caring Hands Community Medical Center|1122334455|9598767412|PHYSICIAN|0|FT|TRUE||||ADDR1008|PHYSICAL||123 MAIN STREET|||CINCINNATI|OH|45242||513-555-121|||||0|363LF0000X|50|TRUE|TRUE|TRUE|FALSE|FALSE|TRUE|||TRUE|YES|2018-01-01|2022-12-31||FEMALE|||TRUE|QNXT||||CREDENTIALED|OPEN TO NEW PATIENTS
PRV001021|NW0001|||Caring Hands Community - Parkridge|1122334466|9598767412|PHYSICIAN|0|FT|TRUE||||ADDR1008|PHYSICAL||123 MAIN STREET|||PARKRIDGE|OH|45242||513-555-121|||||0|363LF0000X|50|TRUE|TRUE|TRUE|FALSE|FALSE|TRUE|||TRUE|YES|2018-01-01|2022-12-31||FEMALE||PRV001020|TRUE|QNXT|||PAY TO||
PRV001022|NW0001|Chris|Grissom||1122334477|9598767555|PHYSICIAN|10|FT|TRUE||||ADDR1009|PHYSICAL||123 MAIN STREET|||CHATANOGA|TN|37404|HAMILTON|423-555-1121|||||0|363LF0000X|50|TRUE|TRUE|TRUE|FALSE|FALSE|TRUE|||TRUE|YES|2018-01-01|2022-12-31|MD|MALE|DR|PRV001020|FALSE|QNXT|||PAY TO||
PRV001023|NW0001|Ronald|MacDonald||1122334488|9598767888|PHYSICIAN|0|FT|TRUE||||ADDR1010|PHYSICAL||735 BROAD ST|STE 1200||CHATANOGA|TN|37402|HAMILTON|423-555-2222|||||0|363LF0000X|50|TRUE|TRUE|TRUE|FALSE|FALSE|TRUE|||TRUE|YES|2018-01-01|2022-12-31|MD|MALE|DR|PRV001020|FALSE|QNXT|||PAY TO||
PRV001023|NW0001|Ronald|MacDonald||1122334488|9598767888|PHYSICIAN|0|FT|TRUE||||ADDR1010|PHYSICAL||735 BROAD ST|STE 1200||CHATANOGA|TN|37402|HAMILTON|423-555-2222|||||0|363LF0000X|50|TRUE|TRUE|TRUE|FALSE|FALSE|TRUE|||TRUE|YES|2018-01-01|2022-12-31|MD|MALE|DR|PRV001021|FALSE|QNXT|||PAY TO||
PRV001024|NW0001|Chris|Cringle||1122338877|9598763333|PHYSICIAN|0|FT|TRUE||||ADDR1011|PHYSICAL||736 MARKET STREET|||CHATTANOGA|TN|37402|HAMILTON|423-555-7777|||||0|363LF0000X|50|TRUE|TRUE|TRUE|FALSE|FALSE|TRUE|||TRUE|YES|2018-01-01|2022-12-31|MD|MALE|DR|PRV001021|FALSE|QNXT|||PAY TO||
PRV001024|NW0001|Jerry|Racecar||1122334444|9598761111|PHYSICIAN|0|FT|TRUE||||ADDR1012|PHYSICAL||1701 OAK STREET|||CHATTANOGA|TN|37404|HAMILTON|423-555-7777|||||0|363LF0000X|50|TRUE|TRUE|TRUE|FALSE|FALSE|TRUE|||TRUE|YES|2018-01-01|2022-12-31|MD|MALE|DR|PRV001021|FALSE|QNXT|||PAY TO||
PRV001025|NW0001|Charles|Kelly||1122333321|9598761112|PHYSICIAN|0|FT|TRUE||||ADDR1013|PHYSICAL||735 BROAD ROAD|STE 1200||CHATANOGA|TN|37402|HAMILTON|423-555-2222|||||0|207Q00000X|08|TRUE|TRUE|TRUE|FALSE|FALSE|TRUE|||TRUE|YES|2018-01-01|2022-12-31|MD|MALE|DR|PRV001021|FALSE|QNXT|||PAY TO||
PRV001026|NW0001|Dennis|Reynolds||1122555521|95987644442|PHYSICIAN|0|FT|TRUE||||ADDR1014|PHYSICAL||1000 GALLOPING HILL RD|STE 100||UNION|NJ|07083||618-555-2222|||||0|207Q00000X|08|TRUE|TRUE|TRUE|FALSE|FALSE|TRUE|||TRUE|YES|2018-01-01|2022-12-31|MD|MALE|DR|PRV001021|FALSE|QNXT|||PAY TO||
PRV001027|NW0001|Deandra|Reynolds||1122777721|95987688882|PHYSICIAN|0|FT|TRUE||||ADDR1015|PHYSICAL||1000 GALLOPING RD|STE 100||UNION|NJ|07083-9998||618-555-3333|||||0|207Q00000X|08|TRUE|TRUE|TRUE|FALSE|FALSE|TRUE|||TRUE|YES|2018-01-01|2022-12-31|MD|FEMALE|DR|PRV001021|FALSE|QNXT|||PAY TO||
PRV001028|NW0001|Frank|Reynolds||1122999933|95987699993|PHYSICIAN|0|FT|TRUE||||ADDR1016|PHYSICAL||1000 GALLLOPING RD|||UNION|NJ|07083||618-555-3333|||||0|207Q00000X|08|TRUE|TRUE|TRUE|FALSE|FALSE|TRUE|||TRUE|YES|2018-01-01|2022-12-31|MD|MALE|DR|PRV001021|FALSE|QNXT|||PAY TO||
PRV001029|NW0001|||ADVANTAGE MED ASSOC PA|1023056637|223740672|MEDICAL GROUP|0|FT|TRUE||||ADDR1017|MAILING||561 CRANBURY RD|||EAST BRUNSWICK|NJ|08816|||||||0|207Q00000X|08|TRUE|TRUE|TRUE|FALSE|FALSE|TRUE|||TRUE|YES|2018-01-01|2022-12-31|||||FALSE|QNXT|||PAY TO||
PRV001030|NW0001|||PHYSICIANS UNIVERSITY HOSP PC|1417901323||FACILITY|0|FT|TRUE||||ADDR1018|PHYSICAL||375 SEGUINE AVE|2ND FL.||STATEN ISLAND|NY|103093932|||||||0|207Q00000X|08|TRUE|TRUE|TRUE|FALSE|FALSE|TRUE|||TRUE|YES|2018-01-01|2022-12-31|||||FALSE|QNXT|||PAY TO||
PRV001031|NW0001|AARON|DORFMAN||1003006214||PHYSICIAN|0|FT|TRUE||||ADDR1019|PHYSICAL||3401 CIVIC CENTER BLVD|CHILDREN'S HOSPITAL OF PHILADELPHIA - CARDIOLOGY||PHILADELPHIA|PA|19104|||||||0|NONE|06|TRUE|TRUE|TRUE|FALSE|FALSE|TRUE|||TRUE|YES|2018-01-01|2022-12-31|||||FALSE|QNXT|||PAY TO||
PRV001032|NW0001|MARK|RIZZI||1003006248||PHYSICIAN|0|FT|TRUE||||ADDR1020|PHYSICAL||34TH & CIVIC CENTER BLVD|CHILDREN'S HOSPITAL OF PHILADELPHIA||PHILADELPHIA|PA|19104|||||||0|NONE|06|FALSE|TRUE|TRUE|FALSE|FALSE|TRUE|||TRUE|YES|2018-01-01|2022-12-31|||||FALSE|QNXT|||PAY TO||
PRV001033|NW0001|HANA|DANDONA||1003008038||PHYSICIAN|0|FT|TRUE||||ADDR1021|PHYSICAL||796 DEER PARK AVE|||NORTH BABYLON|NY|11703|||||||0|NONE|97|TRUE|TRUE|TRUE|FALSE|FALSE|TRUE|||TRUE|YES|2018-01-01|2022-12-31|||||FALSE|QNXT|||PAY TO||
PRV001033|NW0001|HANA|DANDONA||1003008038||PHYSICIAN|0|FT|TRUE||||ADDR1021|PHYSICAL||796 DEER PARK AVE|||NORTH BABYLON|NY|11703|||||||0|NONE|50|TRUE|TRUE|TRUE|FALSE|FALSE|TRUE|||TRUE|YES|2018-01-01|2022-12-31|||||FALSE|QNXT|||PAY TO||
PRV001034|NW0001|LAURA|LEI||1003011065||PHYSICIAN|0|FT|TRUE||||ADDR1022|PHYSICAL||285 DAVIDSON AVE STE 204|||SOMERSET|NJ|08873|||||||0|207L00000X|05|TRUE|TRUE|TRUE|FALSE|FALSE|TRUE|||TRUE|YES|2018-01-01|2022-12-31|||||FALSE|QNXT|||PAY TO||
PRV001035|NW0001|ANITA|GILL||1003003070||PHYSICIAN|0|FT|TRUE||||ADDR1023|PHYSICAL||70 N COUNTRY RD|||PORT JEFFERSON|NY|117777-2161|||||||0|2084N0400X|13|TRUE|TRUE|TRUE|FALSE|FALSE|TRUE|||TRUE|YES|2018-01-01|2022-12-31|||||FALSE|QNXT|||PAY TO||
PRV001035|NW0001|ANITA|GILL||1003003070||PHYSICIAN|0|FT|TRUE||||ADDR1023|PHYSICAL||70 N COUNTRY RD|||PORT JEFFERSON|NY|117777-2161|||||||0|NONE|86|FALSE|TRUE|TRUE|FALSE|FALSE|TRUE|||TRUE|YES|2018-01-01|2022-12-31|||||FALSE|QNXT|||PAY TO||
PRV001036|NW0001|JOEL|STEIN||1003035353||PHYSICIAN|0|FT|TRUE||||ADDR1024|PHYSICAL||3400 SPRUCE ST 1 SILVERSTEIN|||PHILADELPHIA|PA|19104|||||||0|2085R0202X|30|TRUE|TRUE|TRUE|FALSE|FALSE|TRUE|||TRUE|YES|2018-01-01|2022-12-31|||||FALSE|QNXT|||PAY TO||
PRV001036|NW0001|JOEL|STEIN||1003035353||PHYSICIAN|0|FT|TRUE||||ADDR1024|PHYSICAL||3400 SPRUCE ST 1 SILVERSTEIN|||PHILADELPHIA|PA|19104|||||||0|NONE|30|FALSE|TRUE|TRUE|FALSE|FALSE|TRUE|||TRUE|YES|2018-01-01|2022-12-31|||||FALSE|QNXT|||PAY TO||
PRV001037|NW0001|||SOUTH JERSEY IMAGING ASSOCIATES PA|1003830571||FACILITY|0|FT|TRUE||||ADDR1025|PHYSICAL||701 ROUTE 38|||CHERRY HILL|NJ|08002-2955|||||||0|NONE|30|TRUE|TRUE|TRUE|FALSE|FALSE|TRUE|||TRUE|YES|2018-01-01|2022-12-31|||||FALSE|QNXT|||PAY TO||
PRV001037|NW0001|||SOUTH JERSEY IMAGING ASSOCIATES PA|1003830571||FACILITY|0|FT|TRUE||||ADDR1025|PHYSICAL||701 ROUTE 38|||CHERRY HILL|NJ|08002-2955|||||||0|2085R0202X|30|FALSE|TRUE|TRUE|FALSE|FALSE|TRUE|||TRUE|YES|2018-01-01|2022-12-31|||||FALSE|QNXT|||PAY TO||
PRV001038|NW0001|MILLY|VANILLY||1993830571||FACILITY|0|FT|TRUE||||ADDR1026|PHYSICAL||100 MAIN STREET|||LAKE SUCCESS|NY|11042|||||||0|2085R0202X|30|FALSE|TRUE|TRUE|FALSE|FALSE|TRUE|||TRUE|YES|2018-01-01|2022-12-31|||||FALSE|QNXT|||PAY TO||
PRV001039|NW0001|BRUCE|BROD||1932172269||PHYSICIAN|0|FT|TRUE||||ADDR1027|PHYSICAL||1650 CROOKED OAK DR|SUITE 200||LANCASTER|PA|17601|||||||0|NONE|30|FALSE|TRUE|TRUE|FALSE|FALSE|TRUE|||TRUE|YES|2018-01-01|2022-12-31|||||FALSE|QNXT|||PAY TO||
PRV001039|NW0001|BRUCE|BROD||1932172269||PHYSICIAN|0|FT|TRUE||||ADDR1027|PHYSICAL||1650 CROOKED OAK DR|SUITE 200||LANCASTER|PA|17601|||||||0|NONE|50|FALSE|TRUE|TRUE|FALSE|FALSE|TRUE|||TRUE|YES|2018-01-01|2022-12-31|||||FALSE|QNXT|||PAY TO||
PRV001040|NW0001|CLAUDIA|FERNANDES||1619045788||PHYSICIAN|0|FT|TRUE||||ADDR1028|PHYSICAL||STONY BROOK UNIVERSITY HOSPITAL/EMERGENCY MEDICINE HSC LEVEL 4 RM 080|||STONY BROOK|NY|11794-8350|||||||0|NONE|93|FALSE|TRUE|TRUE|FALSE|FALSE|TRUE|||TRUE|YES|2018-01-01|2022-12-31|||||FALSE|QNXT|||PAY TO||
PRV001041|NW0001|FRED|RINCON||1326159443||PHYSICIAN|0|FT|TRUE||||ADDR1029|PHYSICAL||1 COOPER PLZ|||CAMDEN|NJ|08103-1461|||||||0|NONE|86|FALSE|TRUE|TRUE|FALSE|FALSE|TRUE|||TRUE|YES|2018-01-01|2022-12-31|||||FALSE|QNXT|||PAY TO||
PRV001041|NW0001|FRED|RINCON||1326159443||PHYSICIAN|0|FT|TRUE||||ADDR1029|PHYSICAL||1 COOPER PLZ|||CAMDEN|NJ|08103-1461|||||||0|NONE|11|FALSE|TRUE|TRUE|FALSE|FALSE|TRUE|||TRUE|YES|2018-01-01|2022-12-31|||||FALSE|QNXT|||PAY TO||
PRV001041|NW0001|FRED|RINCON||1326159443||PHYSICIAN|0|FT|TRUE||||ADDR1029|PHYSICAL||1 COOPER PLZ|||CAMDEN|NJ|08103-1461|||||||0|NONE|13|FALSE|TRUE|TRUE|FALSE|FALSE|TRUE|||TRUE|YES|2018-01-01|2022-12-31|||||FALSE|QNXT|||PAY TO||
PRV001042|NW0001|AAMIR|AMIN||1811129349||PHYSICIAN|0|FT|TRUE||||ADDR1030|PHYSICAL||1 GUSTAVE L LEVY PL|||NEW YORK|NY|10029-6504|||||||0|NONE|21|TRUE|TRUE|TRUE|FALSE|FALSE|TRUE|||TRUE|YES|2018-01-01|2022-12-31|||||FALSE|QNXT|||PAY TO||
PRV001042|NW0001|AAMIR|AMIN||1811129349||PHYSICIAN|0|FT|TRUE||||ADDR1030|PHYSICAL||1 GUSTAVE L LEVY PL|||NEW YORK|NY|10029-6504|||||||0|NONE|11|TRUE|TRUE|TRUE|FALSE|FALSE|TRUE|||TRUE|YES|2018-01-01|2022-12-31|||||FALSE|QNXT|||PAY TO||
PRV001043|NW0001|AARON|DAVID||1932263514||PHYSICIAN|0|FT|TRUE||||ADDR1031|PHYSICAL||475 SUNRISE HWY|||WEST BABYLON|NY|11704-6021|||||||0|NONE|86|TRUE|TRUE|TRUE|FALSE|FALSE|TRUE|||TRUE|YES|2018-01-01|2022-12-31|||||FALSE|QNXT|||PAY TO||
PRV001043|NW0001|AARON|DAVID||1932263514||PHYSICIAN|0|FT|TRUE||||ADDR1031|PHYSICAL||475 SUNRISE HWY|||WEST BABYLON|NY|11704-6021|||||||0|NONE|21|TRUE|TRUE|TRUE|FALSE|FALSE|TRUE|||TRUE|YES|2018-01-01|2022-12-31|||||FALSE|QNXT|||PAY TO||
PRV001044|NW0001|MODEST|MOUSE||1911234560||PHYSICIAN|0|FT|TRUE||||ADDR1032|PHYSICAL||1 RIVERVIEW PLZ|||RED BANK|NJ|07701|||||||0|NONE|21|TRUE|TRUE|TRUE|FALSE|FALSE|TRUE|||TRUE|YES|2018-01-01|2022-12-31|||||FALSE|QNXT|||PAY TO||
PRV001045|NW0001|CAPTAIN|CRUNCH||1911234570||PHYSICIAN|0|FT|TRUE||||ADDR1033|PHYSICAL||1 RIVERSIDE PLZ|||RED BANK|NJ|07701|||||||0|NONE|21|TRUE|TRUE|TRUE|FALSE|FALSE|TRUE|||TRUE|YES|2018-01-01|2022-12-31|||||FALSE|QNXT|||PAY TO||
PRV001046|NW0001|FRANKEN|BERRY||1911234580||PHYSICIAN|0|FT|TRUE||||ADDR1034|PHYSICAL||1 RIVERVIEW PLZ|#2||RED BANK|NJ|07701|||||||0|NONE|21|TRUE|TRUE|TRUE|FALSE|FALSE|TRUE|||TRUE|YES|2018-01-01|2022-12-31|||||FALSE|QNXT|||PAY TO||
PRV001047|NW0001|COUNT|CHOCULA||1911234590||PHYSICIAN|0|FT|TRUE||||ADDR1035|PHYSICAL||1000 N VILLAGE AVE|||ROCKVILLE|NY|11570|||||||0|NONE|21|TRUE|TRUE|TRUE|FALSE|FALSE|TRUE|||TRUE|YES|2018-01-01|2022-12-31|||||FALSE|QNXT|||PAY TO||
PRV001048|NW0001|TONY|TIGER||1911234600||PHYSICIAN|0|FT|TRUE||||ADDR1036|PHYSICAL||1000 N VILLAGE AVE|||ROCKVILLE CTR|NY|11570|||||||0|NONE|21|TRUE|TRUE|TRUE|FALSE|FALSE|TRUE|||TRUE|YES|2018-01-01|2022-12-31|||||FALSE|QNXT|||PAY TO||
PRV001049|NW0001|TOUCAN|SAM||1911234610||PHYSICIAN|0|FT|TRUE||||ADDR1037|PHYSICAL||1000 N VILLAGE AVE|||ROCKVILLE|NY|11507-1000|||||||0|NONE|21|TRUE|TRUE|TRUE|FALSE|FALSE|TRUE|||TRUE|YES|2018-01-01|2022-12-31|||||FALSE|QNXT|||PAY TO||
PRV001050|NW0001|RAGGEDY|ANN||1911234620||PHYSICIAN|0|FT|TRUE||||ADDR1038|PHYSICAL||WANAMAKER BLDG|100 PENN SQ E, STE 900||PHILADELPHIA|PA|19107|||||||0|NONE|21|TRUE|TRUE|TRUE|FALSE|FALSE|TRUE|||TRUE|YES|2018-01-01|2022-12-31|||||FALSE|QNXT|||PAY TO||
PRV001051|NW0001|RAGGEDY|ANDREW||1911234630||PHYSICIAN|0|FT|TRUE||||ADDR1039|PHYSICAL||WANAMAKER BLDG 100 PENN|SQ E FL 9||PHILADELPHIA|PA|19107|||||||0|NONE|21|TRUE|TRUE|TRUE|FALSE|FALSE|TRUE|||TRUE|YES|2018-01-01|2022-12-31|||||FALSE|QNXT|||PAY TO||
PRV001052|NW0001|BUBBA|GUMP||1911234640||PHYSICIAN|0|FT|TRUE||||ADDR1040|PHYSICAL||PHYSICIANS DIALYSIS LAWRE|1840 PRINCETON AVE||LAWRENCE TOWNSHIP|NJ|08648|||||||0|NONE|21|TRUE|TRUE|TRUE|FALSE|FALSE|TRUE|||TRUE|YES|2018-01-01|2022-12-31|||||FALSE|QNXT|||PAY TO|INVALID RECORD STATUS|
PRV001053|NW0001|ADAM|SCHREIBER||1831313352||PHYSICIAN|0|FT|TRUE||||ADDR1041|PHYSICAL||2250 CHAPEL AVE W|||CHERRY HILL|NJ|08002-2051|||||||0|NONE|25|TRUE|TRUE|TRUE|FALSE|FALSE|TRUE|||TRUE|YES|2018-01-01|2022-12-31|||||FALSE|QNXT|||PAY TO|VERIFIED|
PRV001054|NW0001|MICHAEL|ANDERSON||1861053837||PHYSICIAN|0|FT|TRUE||||ADDR1042|MAILING||824320 PO BOX|||PHILADELPHIA|PA|19182-4320|||||||0|NONE|25|TRUE|TRUE|TRUE|FALSE|FALSE|TRUE|||TRUE|YES|2018-01-01||||||FALSE|QNXT|||PAY TO|VERIFIED|
